City_ID,City,Country,Date,Lat,Lng,Max Temp,Humidity,Cloudiness,Wind Speed
0,Jakar,BT,2022-06-07 20:42:08,27.5492,90.7525,58.06,99,100,1.77
1,Necochea,AR,2022-06-07 20:42:08,-38.5473,-58.7368,57.11,56,88,12.24
2,Busselton,AU,2022-06-07 20:42:09,-33.65,115.3333,56.86,54,100,18.48
3,Wilmington,US,2022-06-07 20:41:07,34.2257,-77.9447,85.91,68,40,11.5
4,Seymchan,RU,2022-06-07 20:42:09,62.8833,152.4333,49.96,42,39,9.48
5,Avarua,CK,2022-06-07 20:42:10,-21.2078,-159.775,78.85,73,40,10.36
6,Henties Bay,NA,2022-06-07 20:42:12,-22.116,14.2845,70.86,38,0,7.85
7,Corralillo,CU,2022-06-07 20:42:12,22.9819,-80.5856,77.9,87,100,9.33
8,Cape Town,ZA,2022-06-07 20:42:13,-33.9258,18.4232,67.37,61,0,1.14
9,Tres Arroyos,AR,2022-06-07 20:42:14,-38.3739,-60.2798,58.03,49,100,13.33
10,Mataura,NZ,2022-06-07 20:42:14,-46.1927,168.8643,45.48,94,12,3.33
11,Paso De Carrasco,UY,2022-06-07 20:42:14,-34.8603,-56.0522,51.94,87,100,6.91
12,Keetmanshoop,NA,2022-06-07 20:42:15,-26.5833,18.1333,58.75,33,0,13.2
13,El Refugio,MX,2022-06-07 20:42:15,20.6667,-103.7333,93.96,21,5,3.8
14,Upernavik,GL,2022-06-07 20:42:15,72.7868,-56.1549,33.49,74,63,4.41
15,Broken Hill,AU,2022-06-07 20:42:16,-31.95,141.4333,48.74,60,98,7.23
16,Los Llanos De Aridane,ES,2022-06-07 20:42:16,28.6585,-17.9182,67.12,87,0,17.27
17,Umm Lajj,SA,2022-06-07 20:42:17,25.0213,37.2685,85.68,46,2,9.48
18,Egvekinot,RU,2022-06-07 20:42:17,66.3167,-179.1667,41.52,47,70,5.61
19,Qaanaaq,GL,2022-06-07 20:42:18,77.484,-69.3632,30.67,89,68,3.74
20,Salalah,OM,2022-06-07 20:42:18,17.0151,54.0924,84.29,79,75,9.22
21,Mayo,US,2022-06-07 20:42:18,38.8876,-76.5119,78.19,81,75,16.11
22,Nakskov,DK,2022-06-07 20:42:19,54.8373,11.1284,57.15,80,21,21.7
23,Road Town,VG,2022-06-07 20:42:19,18.4167,-64.6167,86.04,66,40,9.22
24,Hithadhoo,MV,2022-06-07 20:42:19,-0.6,73.0833,82.6,68,100,4.99
25,Kavieng,PG,2022-06-07 20:42:20,-2.5744,150.7967,81.66,76,98,9.35
26,Ranong,TH,2022-06-07 20:40:13,9.9658,98.6348,79.39,82,100,5.32
27,Evensk,RU,2022-06-07 20:42:20,61.95,159.2333,50.59,73,100,11.48
28,Hualmay,PE,2022-06-07 20:42:20,-11.0964,-77.6139,68.38,73,9,10.56
29,San Cristobal,VE,2022-06-07 20:42:20,7.7669,-72.225,78.98,55,38,4.12
30,Katsuura,JP,2022-06-07 20:42:21,35.1333,140.3,62.64,88,100,15.03
31,Bluff,NZ,2022-06-07 20:42:21,-46.6,168.3333,45.81,83,10,13.65
32,Uvira,CD,2022-06-07 20:42:21,-3.4067,29.1458,72.7,78,98,4.41
33,Ponta Do Sol,PT,2022-06-07 20:42:22,32.6667,-17.1,74.03,75,0,2.57
34,Macusani,PE,2022-06-07 20:42:22,-14.0833,-70.4333,46.11,49,20,3.6
35,Mar Del Plata,AR,2022-06-07 20:39:44,-38.0023,-57.5575,61.95,55,0,13.8
36,Surt,LY,2022-06-07 20:42:23,31.2089,16.5887,76.01,72,0,1.81
37,Half Moon Bay,US,2022-06-07 20:42:23,37.4636,-122.4286,85.53,70,75,25.32
38,Tiksi,RU,2022-06-07 20:42:23,71.6872,128.8694,38.32,89,43,6.64
39,Hermanus,ZA,2022-06-07 20:42:23,-34.4187,19.2345,66.09,45,1,8.97
40,Coquimbo,CL,2022-06-07 20:42:24,-29.9533,-71.3436,58.73,77,0,12.66
41,Geraldton,AU,2022-06-07 20:42:24,-28.7667,114.6,66.61,34,100,25.32
42,Yellowknife,CA,2022-06-07 20:38:07,62.456,-114.3525,73.92,27,75,8.05
43,Baie-Comeau,CA,2022-06-07 20:39:32,49.2168,-68.1489,56.88,47,40,18.41
44,Jalu,LY,2022-06-07 20:42:24,29.0331,21.5482,84.2,33,0,13.42
45,Ushuaia,AR,2022-06-07 20:40:02,-54.8,-68.3,44.26,57,20,12.66
46,Porto Velho,BR,2022-06-07 20:42:25,-8.7619,-63.9039,87.85,58,40,5.75
47,Lebu,CL,2022-06-07 20:42:25,-37.6167,-73.65,54.14,93,44,2.73
48,Jieshi,CN,2022-06-07 20:43:25,22.8134,115.8257,78.04,87,100,0.69
49,Salekhard,RU,2022-06-07 20:43:26,66.53,66.6019,54.09,46,12,8.68
50,Barrow,US,2022-06-07 20:43:26,71.2906,-156.7887,24.82,86,100,16.11
51,Zhaoyuan,CN,2022-06-07 20:43:26,37.3592,120.3964,58.68,83,73,4.97
52,Hervey Bay,AU,2022-06-07 20:43:27,-25.2986,152.8535,50.02,79,17,3.0
53,New Norfolk,AU,2022-06-07 20:43:27,-42.7826,147.0587,42.3,83,87,1.01
54,Rikitea,PF,2022-06-07 20:43:28,-23.1203,-134.9692,72.43,54,2,13.78
55,Valparaiso,CL,2022-06-07 20:43:25,-33.0393,-71.6273,64.63,79,0,9.22
56,Arlit,NE,2022-06-07 20:43:28,18.7369,7.3853,91.78,11,87,9.98
57,Kamaishi,JP,2022-06-07 20:43:28,39.2667,141.8833,51.64,89,100,6.82
58,Ostrow Mazowiecka,PL,2022-06-07 20:43:29,52.8024,21.8951,61.11,94,97,3.56
59,Bambanglipuro,ID,2022-06-07 20:43:29,-7.95,110.2833,75.94,87,53,3.71
60,Igrim,RU,2022-06-07 20:43:29,63.1906,64.4162,47.41,64,0,5.7
61,Klaksvik,FO,2022-06-07 20:43:30,62.2266,-6.589,47.32,73,100,17.47
62,Kruisfontein,ZA,2022-06-07 20:43:30,-34.0033,24.7314,60.89,36,0,6.58
63,Banjar,ID,2022-06-07 20:43:30,-8.19,114.9675,77.59,90,99,3.33
64,Thompson,CA,2022-06-07 20:43:31,55.7435,-97.8558,66.36,34,40,8.05
65,Porto Novo,BJ,2022-06-07 20:43:31,6.4965,2.6036,82.22,76,23,8.23
66,Waipawa,NZ,2022-06-07 20:43:31,-41.4122,175.5153,52.9,84,12,12.91
67,Lavrentiya,RU,2022-06-07 20:43:32,65.5833,-171.0,42.1,67,43,0.85
68,Vaini,TO,2022-06-07 20:43:32,-21.2,-175.2,75.36,73,20,10.36
69,Bethel,US,2022-06-07 20:43:32,41.3712,-73.414,75.02,70,100,4.0
70,Axim,GH,2022-06-07 20:43:32,4.8699,-2.2405,79.02,77,31,9.06
71,Carnarvon,AU,2022-06-07 20:43:33,-24.8667,113.6333,71.01,75,100,22.64
72,Inirida,CO,2022-06-07 20:43:33,3.8653,-67.9239,80.24,92,45,2.33
73,Hobart,AU,2022-06-07 20:43:33,-42.8794,147.3294,42.66,82,75,11.5
74,Chicama,PE,2022-06-07 20:43:34,-7.8447,-79.1469,64.94,65,15,8.5
75,Mahebourg,MU,2022-06-07 20:43:34,-20.4081,57.7,72.25,83,75,3.44
76,Tarauaca,BR,2022-06-07 20:43:34,-8.1614,-70.7656,75.49,92,95,0.16
77,Kill,IE,2022-06-07 20:43:34,52.1761,-7.335,57.81,97,100,12.66
78,Airai,TL,2022-06-07 20:43:35,-8.9266,125.4092,58.66,88,100,3.13
79,Monywa,MM,2022-06-07 20:43:35,22.1167,95.1333,82.96,69,100,12.68
80,Punta Arenas,CL,2022-06-07 20:39:36,-53.15,-70.9167,44.71,65,75,9.22
81,Santo Tomas,PH,2022-06-07 20:43:35,14.1079,121.1414,80.85,92,92,1.63
82,Moron,AR,2022-06-07 20:43:36,-34.6534,-58.6198,53.06,68,65,3.94
83,Nouadhibou,MR,2022-06-07 20:43:36,20.931,-17.0347,67.98,83,43,14.97
84,Lagoa,PT,2022-06-07 20:43:36,39.05,-27.9833,64.67,94,100,18.39
85,Port Alfred,ZA,2022-06-07 20:43:37,-33.5906,26.891,64.22,58,22,11.21
86,Vestmannaeyjar,IS,2022-06-07 20:43:37,63.4427,-20.2734,50.27,87,100,22.28
87,Kapaa,US,2022-06-07 20:43:37,22.0752,-159.319,81.12,77,20,12.66
88,Havoysund,NO,2022-06-07 20:43:37,70.9963,24.6622,44.83,84,100,31.61
89,Papara,BR,2022-06-07 20:43:38,-3.9839,-38.7273,80.69,88,90,2.39
90,Cidreira,BR,2022-06-07 20:43:38,-30.1811,-50.2056,63.32,82,97,7.45
91,East London,ZA,2022-06-07 20:43:39,-33.0153,27.9116,63.28,58,17,6.38
92,Luderitz,NA,2022-06-07 20:43:39,-26.6481,15.1594,68.49,30,0,5.99
93,Jamestown,US,2022-06-07 20:42:19,42.097,-79.2353,66.94,75,100,3.44
94,Rawson,AR,2022-06-07 20:43:39,-43.3002,-65.1023,54.19,47,62,19.51
95,Hilo,US,2022-06-07 20:44:40,19.7297,-155.09,90.28,66,0,11.01
96,Diapaga,BF,2022-06-07 20:44:40,12.0708,1.7889,80.02,66,13,10.85
97,Provideniya,RU,2022-06-07 20:44:40,64.3833,-173.3,37.51,93,20,8.95
98,Kasongo-Lunda,CD,2022-06-07 20:44:40,-6.4667,16.8167,66.81,50,88,0.92
99,Imatra,FI,2022-06-07 20:44:41,61.1719,28.7524,55.78,64,8,5.12
100,Warrensburg,US,2022-06-07 20:44:41,38.7628,-93.7361,84.25,64,40,10.36
101,Butaritari,KI,2022-06-07 20:44:41,3.0707,172.7902,80.73,79,41,12.68
102,Albany,US,2022-06-07 20:43:23,42.6001,-73.9662,76.64,62,100,1.99
103,Puerto Madero,MX,2022-06-07 20:44:42,14.7208,-92.4215,82.4,70,85,4.7
104,Yarada,IN,2022-06-07 20:44:42,17.65,83.2667,84.52,94,75,2.3
105,Eyl,SO,2022-06-07 20:44:42,7.9803,49.8164,84.52,56,100,16.75
106,Meulaboh,ID,2022-06-07 20:44:43,4.1363,96.1285,77.43,83,100,4.32
107,Fairview,US,2022-06-07 20:44:43,40.8126,-73.999,77.56,66,0,17.27
108,Benguela,AO,2022-06-07 20:44:43,-12.5763,13.4055,73.15,60,65,3.18
109,Zhezkazgan,KZ,2022-06-07 20:44:43,47.8043,67.7144,73.36,20,59,5.08
110,Nanortalik,GL,2022-06-07 20:44:44,60.1432,-45.2371,41.31,82,96,5.82
111,College,US,2022-06-07 20:44:44,64.8569,-147.8028,73.09,32,20,8.05
112,Maceio,BR,2022-06-07 20:40:49,-9.6658,-35.7353,74.64,88,75,3.44
113,Marang,MY,2022-06-07 20:44:44,5.2056,103.2059,76.93,87,99,3.56
114,Arraial Do Cabo,BR,2022-06-07 20:44:45,-22.9661,-42.0278,73.36,73,0,9.22
115,Clarence Town,AU,2022-06-07 20:44:45,-32.5833,151.7833,48.61,72,0,12.41
116,Samarai,PG,2022-06-07 20:44:45,-10.6167,150.6667,81.79,77,90,8.59
117,Aksu,CN,2022-06-07 20:44:45,41.1231,80.2644,71.47,24,0,4.09
118,Navalmoral De La Mata,ES,2022-06-07 20:44:46,39.8916,-5.5406,75.09,31,27,7.25
119,Cabo San Lucas,MX,2022-06-07 20:44:36,22.8909,-109.9124,85.6,74,5,3.0
120,Verkhnevilyuysk,RU,2022-06-07 20:44:46,63.4453,120.3167,56.79,73,69,2.8
121,Atuona,PF,2022-06-07 20:44:46,-9.8,-139.0333,77.92,70,9,13.82
122,Saint-Philippe,RE,2022-06-07 20:44:47,-21.3585,55.7679,71.19,83,58,9.86
123,Bereda,ES,2022-06-07 20:44:47,43.2686,-7.5406,59.32,92,100,4.59
124,Pervomayskoye,RU,2022-06-07 20:44:47,43.919,46.7102,64.22,55,6,6.53
125,Castro,BR,2022-06-07 20:44:48,-24.7911,-50.0119,57.04,98,97,2.46
126,Georgetown,MY,2022-06-07 20:44:48,5.4112,100.3354,80.53,93,20,2.3
127,Rio Grande,BR,2022-06-07 20:44:48,-32.035,-52.0986,60.91,88,1,7.99
128,Fort Nelson,CA,2022-06-07 20:44:49,58.8053,-122.7002,63.99,63,75,8.05
129,Kotdwara,IN,2022-06-07 20:44:49,29.75,78.5333,85.86,18,2,6.89
130,Touros,BR,2022-06-07 20:44:49,-5.1989,-35.4608,77.16,78,100,9.24
131,Mount Gambier,AU,2022-06-07 20:44:49,-37.8333,140.7667,48.15,76,80,6.06
132,Solnechnyy,RU,2022-06-07 20:44:50,50.7214,136.6319,55.35,84,49,4.92
133,Talara,PE,2022-06-07 20:44:50,-4.5772,-81.2719,68.76,73,75,12.66
134,Torbay,CA,2022-06-07 20:43:19,47.6666,-52.7314,49.28,85,100,21.99
135,Robertsport,LR,2022-06-07 20:44:50,6.7533,-11.3686,78.66,77,29,9.26
136,Dikson,RU,2022-06-07 20:44:51,73.5069,80.5464,22.98,95,11,4.61
137,Kutum,SD,2022-06-07 20:45:51,14.2,24.6667,81.59,15,36,13.18
138,Jocon,HN,2022-06-07 20:45:51,15.2833,-86.9667,81.95,82,94,1.9
139,Worland,US,2022-06-07 20:45:51,44.0169,-107.9554,67.87,37,0,5.99
140,Waddan,LY,2022-06-07 20:45:52,29.1614,16.139,87.21,19,0,10.71
141,Avera,US,2022-06-07 20:45:52,33.194,-82.5271,90.55,52,93,4.03
142,Port Hardy,CA,2022-06-07 20:45:52,50.6996,-127.4199,62.78,63,75,4.61
143,Almaznyy,RU,2022-06-07 20:45:53,48.0448,40.045,60.24,70,49,6.22
144,Bom Jesus,BR,2022-06-07 20:45:53,-9.0744,-44.3586,84.24,35,26,4.76
145,Clyde River,CA,2022-06-07 20:45:53,70.4692,-68.5914,44.83,76,20,2.3
146,Tuatapere,NZ,2022-06-07 20:45:53,-46.1333,167.6833,47.12,87,44,3.22
147,Havelock,US,2022-06-07 20:45:54,34.8791,-76.9013,84.2,68,20,10.36
148,North Bend,US,2022-06-07 20:45:08,43.4065,-124.2243,64.85,85,100,12.66
149,Pevek,RU,2022-06-07 20:45:54,69.7008,170.3133,37.02,76,22,2.46
150,Namibe,AO,2022-06-07 20:45:54,-15.1961,12.1522,72.16,60,4,4.92
151,Camacha,PT,2022-06-07 20:45:54,33.0833,-16.3333,63.82,82,40,12.66
152,Tabuk,PH,2022-06-07 20:45:55,17.4189,121.4443,74.26,87,100,2.01
153,Hermiston,US,2022-06-07 20:44:04,45.8404,-119.2895,79.99,37,52,3.0
154,Knysna,ZA,2022-06-07 20:45:55,-34.0363,23.0471,65.82,41,0,5.7
155,Togur,RU,2022-06-07 20:45:55,58.3631,82.8265,36.39,85,5,5.57
156,Severo-Kurilsk,RU,2022-06-07 20:45:55,50.6789,156.125,44.51,85,95,9.26
157,Sioux Lookout,CA,2022-06-07 20:42:20,50.1001,-91.917,69.87,32,75,11.5
158,Srednekolymsk,RU,2022-06-07 20:45:56,67.45,153.6833,41.22,57,28,8.43
159,Chuy,UY,2022-06-07 20:45:56,-33.6971,-53.4616,55.2,92,5,5.3
160,Nishihara,JP,2022-06-07 20:45:56,26.1842,127.7558,74.48,94,100,3.44
161,Vao,NC,2022-06-07 20:45:57,-22.6667,167.4833,75.02,74,100,15.97
162,Pisco,PE,2022-06-07 20:45:57,-13.7,-76.2167,64.45,82,100,3.44
163,Bredasdorp,ZA,2022-06-07 20:45:57,-34.5322,20.0403,61.86,40,0,2.8
164,Aban,RU,2022-06-07 20:45:58,56.67,96.06,38.39,83,11,5.7
165,Poum,NC,2022-06-07 20:45:58,-20.2333,164.0167,76.71,77,100,18.03
166,Velikiy Ustyug,RU,2022-06-07 20:45:58,60.7644,46.3106,48.42,95,100,10.0
167,Sao Filipe,CV,2022-06-07 20:45:58,14.8961,-24.4956,75.04,76,3,10.87
168,Kupino,RU,2022-06-07 20:45:59,54.3663,77.2981,51.98,81,79,13.0
169,Bilibino,RU,2022-06-07 20:45:59,68.0546,166.4372,45.45,60,66,5.12
170,Rocha,UY,2022-06-07 20:45:59,-34.4833,-54.3333,53.64,89,8,4.07
171,Chokurdakh,RU,2022-06-07 20:45:59,70.6333,147.9167,39.99,55,10,12.01
172,Ithaki,GR,2022-06-07 20:46:00,38.3642,20.7185,73.11,83,82,6.24
173,Koutsouras,GR,2022-06-07 20:46:00,35.0339,25.9469,72.46,62,0,10.58
174,Ribeira Grande,PT,2022-06-07 20:46:01,38.5167,-28.7,66.6,94,75,19.57
175,Mosquera,CO,2022-06-07 20:45:36,4.7059,-74.2302,59.09,82,40,9.22
176,Oxapampa,PE,2022-06-07 20:46:01,-10.5775,-75.4017,63.52,95,79,1.79
177,Tuktoyaktuk,CA,2022-06-07 20:46:02,69.4541,-133.0374,33.8,75,100,12.66
178,La Ronge,CA,2022-06-07 20:45:07,55.1001,-105.2842,71.82,32,40,10.36
179,Gadung,PH,2022-06-07 20:46:02,6.8025,124.02,77.74,87,100,5.35
180,Tasiilaq,GL,2022-06-07 20:46:03,65.6145,-37.6368,42.96,65,97,1.21
181,San Luis,AR,2022-06-07 20:46:03,-33.295,-66.3356,61.45,38,6,3.85
182,Ampanihy,MG,2022-06-07 20:46:04,-24.7,44.75,63.36,87,5,10.16
183,Tual,ID,2022-06-07 20:46:04,-5.6667,132.75,82.45,72,56,4.88
184,Kavaratti,IN,2022-06-07 20:47:05,10.5669,72.642,82.81,73,100,13.78
185,Viedma,AR,2022-06-07 20:47:05,-40.8135,-62.9967,54.88,53,100,7.9
186,Olafsvik,IS,2022-06-07 20:47:05,64.8945,-23.7142,50.86,80,100,3.96
187,Sao Joao Da Barra,BR,2022-06-07 20:44:50,-21.6403,-41.0511,82.49,68,62,8.95
188,Walvis Bay,NA,2022-06-07 20:47:06,-22.9575,14.5053,74.35,27,0,13.8
189,Nadym,RU,2022-06-07 20:47:06,65.5333,72.5167,51.82,53,10,14.58
190,Farafangana,MG,2022-06-07 20:47:07,-22.8167,47.8333,67.48,89,23,3.83
191,Fortuna Foothills,US,2022-06-07 20:47:07,32.6578,-114.4119,103.57,23,0,17.27
192,Fairbanks,US,2022-06-07 20:47:07,64.8378,-147.7164,73.09,32,0,8.05
193,Kharp,RU,2022-06-07 20:47:08,66.8014,65.8081,55.6,48,8,4.36
194,San Patricio,US,2022-06-07 20:47:08,28.017,-97.5169,95.72,43,2,20.65
195,Santarem,BR,2022-06-07 20:47:09,-2.4431,-54.7083,84.33,79,40,6.91
196,Nara,JP,2022-06-07 20:47:09,34.6851,135.8049,59.5,71,2,1.39
197,Nikolskoye,RU,2022-06-07 20:47:10,59.7035,30.7861,51.69,62,16,3.36
198,Goderich,CA,2022-06-07 20:47:10,43.7501,-81.7165,55.9,87,97,8.05
199,Alice Springs,AU,2022-06-07 20:44:50,-23.7,133.8833,35.15,93,0,0.0
200,Alofi,NU,2022-06-07 20:47:10,-19.0595,-169.9187,76.89,73,40,5.75
201,Salinas,US,2022-06-07 20:42:35,36.6777,-121.6555,89.56,61,0,14.97
202,Hermosillo,MX,2022-06-07 20:47:11,29.0667,-110.9667,105.69,18,100,5.99
203,Chumikan,RU,2022-06-07 20:47:11,54.7183,135.315,35.71,93,97,4.76
204,Berlevag,NO,2022-06-07 20:47:12,70.8578,29.0864,44.6,70,0,13.8
205,Tayu,ID,2022-06-07 20:47:12,-6.5397,111.0518,78.87,87,56,6.82
206,Norman Wells,CA,2022-06-07 20:42:23,65.282,-126.8329,53.64,62,75,6.91
207,Mehamn,NO,2022-06-07 20:47:13,71.0357,27.8492,44.55,65,75,8.05
208,Aklavik,CA,2022-06-07 20:47:13,68.2191,-135.0107,41.9,65,100,11.18
209,Vaitape,PF,2022-06-07 20:47:13,-16.5167,-151.75,79.45,76,31,13.27
210,San Miguel,SV,2022-06-07 20:47:14,13.4833,-88.1833,87.4,72,40,3.44
211,Esso,RU,2022-06-07 20:47:14,55.9333,158.7,46.67,93,100,4.5
212,Kyshtovka,RU,2022-06-07 20:47:15,56.555,76.6271,43.11,79,100,7.83
213,Pandan Niog,PH,2022-06-07 20:47:16,6.2282,120.5631,82.96,73,77,4.23
214,Codrington,AU,2022-06-07 20:47:16,-38.2667,141.9667,50.36,72,100,13.09
215,Eureka,US,2022-06-07 20:47:16,40.8021,-124.1637,77.67,75,100,5.01
216,Tamworth,GB,2022-06-07 20:47:17,52.634,-1.6959,62.92,84,100,5.53
217,Puerto Escondido,MX,2022-06-07 20:47:17,15.85,-97.0667,85.8,63,87,8.52
218,Awbari,LY,2022-06-07 20:47:18,26.5921,12.7805,87.8,16,0,5.21
219,Hofn,IS,2022-06-07 20:47:18,64.2539,-15.2082,49.37,88,96,10.0
220,Talnakh,RU,2022-06-07 20:47:18,69.4865,88.3972,36.21,95,100,1.95
221,Palestine,PS,2022-06-07 20:47:19,31.9216,35.2033,69.94,53,0,3.29
222,Varberg,SE,2022-06-07 20:47:20,57.1056,12.2508,57.06,86,51,18.39
223,Oga,IT,2022-06-07 20:47:20,46.4631,10.347,53.69,88,38,6.67
224,Kodiak,US,2022-06-07 20:43:06,57.79,-152.4072,51.31,82,100,4.61
225,Port Elizabeth,ZA,2022-06-07 20:47:21,-33.918,25.5701,52.09,93,0,2.3
226,Prince Rupert,CA,2022-06-07 20:45:54,54.3161,-130.3201,62.62,57,99,4.79
227,Khandbari,NP,2022-06-07 20:47:22,27.3747,87.2039,71.6,87,98,0.85
228,Mazara Del Vallo,IT,2022-06-07 20:47:23,37.6641,12.588,78.93,71,26,10.6
229,Bagepalli,IN,2022-06-07 20:47:23,13.7847,77.7931,74.8,74,60,15.12
230,Caravelas,BR,2022-06-07 20:47:24,-17.7125,-39.2481,70.52,82,2,6.73
231,Turukhansk,RU,2022-06-07 20:47:24,65.8167,87.9833,40.66,79,41,4.36
232,Vila Franca Do Campo,PT,2022-06-07 20:47:24,37.7167,-25.4333,70.2,93,98,7.76
233,Khatanga,RU,2022-06-07 20:48:25,71.9667,102.5,48.0,63,98,6.89
234,Tommot,RU,2022-06-07 20:48:25,58.9564,126.2925,61.45,76,52,1.43
235,Tura,IN,2022-06-07 20:48:25,25.5198,90.2201,74.35,97,100,4.85
236,Banda Aceh,ID,2022-06-07 20:48:26,5.5577,95.3222,80.31,79,100,5.44
237,Byron Bay,AU,2022-06-07 20:48:26,-28.65,153.6167,49.95,69,0,11.45
238,Husavik,IS,2022-06-07 20:48:26,66.0449,-17.3389,46.53,85,97,4.47
239,Varpalota,HU,2022-06-07 20:48:26,47.1994,18.1395,61.29,94,100,16.35
240,Esperance,AU,2022-06-07 20:48:27,-33.8667,121.9,49.68,74,48,7.96
241,Turbat,PK,2022-06-07 20:48:27,26.0023,63.044,83.08,64,0,10.18
242,Idritsa,RU,2022-06-07 20:48:28,56.3316,28.8988,58.57,88,56,5.06
243,Xicotencatl,MX,2022-06-07 20:48:28,23.0167,-98.8833,102.47,19,83,9.73
244,Tumarbong,PH,2022-06-07 20:48:28,10.3766,119.4579,78.89,85,29,2.15
245,Taebla,EE,2022-06-07 20:48:29,58.9547,23.7419,62.49,79,75,6.08
246,Krasnyy,RU,2022-06-07 20:48:29,54.5678,31.4333,58.86,85,86,4.92
247,Key West,US,2022-06-07 20:47:08,24.5557,-81.7826,81.0,97,100,9.22
248,Mirnyy,RU,2022-06-07 20:48:29,62.5353,113.9611,53.24,76,52,4.74
249,Iskateley,RU,2022-06-07 20:48:30,67.6803,53.1512,62.1,45,45,5.73
250,Fort-Shevchenko,KZ,2022-06-07 20:48:30,44.5086,50.263,69.1,67,4,7.4
251,Elko,US,2022-06-07 20:48:30,41.0002,-115.5012,77.05,15,66,3.0
252,Santana Do Livramento,BR,2022-06-07 20:44:54,-30.8908,-55.5328,58.01,92,95,4.54
253,Harper,LR,2022-06-07 20:48:31,4.375,-7.7169,78.21,81,100,7.18
254,Saint Anthony,US,2022-06-07 20:48:31,45.0205,-93.218,71.92,47,100,6.91
255,Adrian,US,2022-06-07 20:43:42,41.8975,-84.0372,73.74,65,20,9.22
256,Faanui,PF,2022-06-07 20:48:31,-16.4833,-151.75,79.41,77,29,13.22
257,Sol-Iletsk,RU,2022-06-07 20:48:32,51.1631,54.9918,54.86,80,0,13.67
258,Sarangani,PH,2022-06-07 20:48:32,5.4033,125.4636,82.47,73,100,2.98
259,Oussouye,SN,2022-06-07 20:48:32,12.485,-16.5469,84.38,77,18,10.67
260,Mogadishu,SO,2022-06-07 20:48:33,2.0371,45.3438,78.82,81,45,18.75
261,Ndele,CF,2022-06-07 20:48:33,8.4109,20.6473,76.3,63,95,5.39
262,Longyearbyen,SJ,2022-06-07 20:48:33,78.2186,15.6401,42.64,65,40,13.8
263,Coihaique,CL,2022-06-07 20:48:34,-45.5752,-72.0662,46.35,66,40,3.44
264,Hovd,MN,2022-06-07 20:48:34,48.0056,91.6419,49.57,64,35,3.69
265,Yertsevo,RU,2022-06-07 20:48:34,60.7966,40.086,43.11,89,7,3.65
266,Athabasca,CA,2022-06-07 20:48:35,54.7169,-113.2854,59.41,73,100,5.06
267,Tumbi,TZ,2022-06-07 20:48:35,-5.0667,32.7333,68.2,60,40,11.5
268,Gat,IL,2022-06-07 20:48:35,31.61,34.7642,78.4,70,0,3.2
269,Leningradskiy,RU,2022-06-07 20:48:36,69.3833,178.4167,35.64,75,52,10.33
270,Merauke,ID,2022-06-07 20:48:37,-8.4667,140.3333,78.44,86,29,9.98
271,Totma,RU,2022-06-07 20:48:37,59.9747,42.7642,48.7,74,100,9.15
272,Magistralnyy,RU,2022-06-07 20:48:37,56.1725,107.4458,44.28,95,100,1.43
273,Sinnamary,GF,2022-06-07 20:48:38,5.3833,-52.95,77.25,83,48,12.84
274,Ormara,PK,2022-06-07 20:48:38,25.2088,64.6357,81.45,86,2,19.15
275,Udachnyy,RU,2022-06-07 20:48:38,66.4167,112.4,53.46,66,38,7.7
276,Puerto Ayora,EC,2022-06-07 20:49:39,-0.7393,-90.3518,75.16,88,74,10.0
277,Amapa,BR,2022-06-07 20:49:39,1.0,-52.0,75.63,96,95,2.37
278,Mbandaka,CD,2022-06-07 20:49:39,0.0487,18.2603,72.75,82,67,2.15
279,Wewak,PG,2022-06-07 20:49:39,-3.5534,143.6268,77.49,84,95,2.95
280,Bonavista,CA,2022-06-07 20:49:40,48.6499,-53.1147,39.79,73,76,19.91
281,Anori,BR,2022-06-07 20:49:40,-3.7728,-61.6442,80.37,85,89,1.03
282,Coruripe,BR,2022-06-07 20:49:40,-10.1256,-36.1756,73.99,89,20,8.88
283,Bourail,NC,2022-06-07 20:49:41,-21.5667,165.4833,72.63,77,100,4.76
284,Havre-Saint-Pierre,CA,2022-06-07 20:49:41,50.2334,-63.5986,59.36,29,0,9.22
285,Otjimbingwe,NA,2022-06-07 20:49:41,-22.35,16.1333,59.94,33,0,7.92
286,Moussoro,TD,2022-06-07 20:49:41,13.6408,16.4901,92.77,13,0,11.25
287,Coffs Harbour,AU,2022-06-07 20:49:42,-30.3,153.1333,42.13,93,0,2.3
288,Karratha,AU,2022-06-07 20:49:42,-20.7377,116.8463,65.64,49,96,14.81
289,Gamba,GA,2022-06-07 20:49:42,-2.65,10.0,73.38,93,96,4.03
290,Ostrovnoy,RU,2022-06-07 20:49:43,68.0531,39.5131,49.69,78,84,9.31
291,Ilulissat,GL,2022-06-07 20:49:43,69.2167,-51.1,42.82,45,0,5.75
292,Tezu,IN,2022-06-07 20:49:43,27.9167,96.1667,77.5,80,100,2.57
293,Rio Gallegos,AR,2022-06-07 20:49:44,-51.6226,-69.2181,44.65,53,0,9.22
294,Taoudenni,ML,2022-06-07 20:49:44,22.6783,-3.9836,102.36,11,75,7.61
295,Ratnagiri,IN,2022-06-07 20:49:44,16.9833,73.3,82.47,77,100,6.98
296,Mitsamiouli,KM,2022-06-07 20:49:45,-11.3847,43.2844,78.66,70,15,5.46
297,Bell Ville,AR,2022-06-07 20:49:45,-32.6259,-62.6887,65.66,41,98,7.67
298,Malvern,US,2022-06-07 20:49:45,34.3623,-92.813,72.32,62,99,3.49
299,Carutapera,BR,2022-06-07 20:49:46,-1.195,-46.02,75.81,91,91,4.97
300,Cherskiy,RU,2022-06-07 20:49:46,68.75,161.3,45.12,59,99,6.29
301,Doembang Nangbuat,TH,2022-06-07 20:49:46,14.8333,100.1,81.05,72,100,6.73
302,Bengkulu,ID,2022-06-07 20:49:21,-3.8004,102.2655,74.41,91,86,4.38
303,Maniitsoq,GL,2022-06-07 20:49:46,65.4167,-52.9,39.87,71,6,6.42
304,Chapais,CA,2022-06-07 20:47:46,49.7834,-74.8492,55.18,95,100,11.1
305,Bowen,AU,2022-06-07 20:49:47,-20.0167,148.2333,65.25,84,35,7.92
306,Teknaf,BD,2022-06-07 20:49:47,20.8624,92.3058,80.01,87,91,4.25
307,Rimbey,CA,2022-06-07 20:49:47,52.6334,-114.2353,62.62,68,91,5.12
308,Ina,JP,2022-06-07 20:49:48,35.8276,137.9538,55.45,89,71,2.08
309,Bud,US,2022-06-07 20:49:48,39.447,-86.1758,82.4,91,95,9.24
310,Grindavik,IS,2022-06-07 20:49:48,63.8424,-22.4338,55.35,71,75,17.27
311,Karachi,PK,2022-06-07 20:46:48,24.9056,67.0822,84.02,74,40,13.8
312,Sungaipenuh,ID,2022-06-07 20:49:48,-2.0833,101.3833,63.27,97,61,2.46
313,Souillac,MU,2022-06-07 20:49:49,-20.5167,57.5167,71.98,83,75,3.44
314,Altus,US,2022-06-07 20:49:49,34.6381,-99.334,85.51,66,100,9.22
315,Puerto Madryn,AR,2022-06-07 20:49:49,-42.7692,-65.0385,54.61,48,86,16.15
316,Saskylakh,RU,2022-06-07 20:49:50,71.9167,114.0833,44.56,79,30,9.31
317,Burgersdorp,ZA,2022-06-07 20:49:50,-30.9977,26.3286,46.72,48,4,1.3
318,Komsomolskiy,UZ,2022-06-07 20:49:50,40.4272,71.7189,75.92,35,0,6.91
319,Xining,CN,2022-06-07 20:49:51,36.6167,101.7667,51.71,82,85,3.31
320,Hirara,JP,2022-06-07 20:49:51,24.8,125.2833,73.9,94,100,6.44
321,Bhuj,IN,2022-06-07 20:49:51,23.2667,69.6667,81.77,82,9,15.66
322,Sidhpura,IN,2022-06-07 20:49:52,27.6333,78.8833,95.2,17,1,6.51
323,Saldanha,ZA,2022-06-07 20:49:52,-33.0117,17.9442,57.25,47,1,5.26
324,Ambilobe,MG,2022-06-07 20:50:52,-13.2,49.05,70.11,78,50,3.71
325,Mozarlandia,BR,2022-06-07 20:50:52,-14.7447,-50.5706,81.81,33,0,3.51
326,Boa Vista,BR,2022-06-07 20:50:53,2.8197,-60.6733,87.78,55,75,11.5
327,Dangara,IN,2022-06-07 20:50:53,29.6799,75.8931,94.87,12,1,9.73
328,Loikaw,MM,2022-06-07 20:50:53,19.6742,97.2094,69.19,97,100,2.75
329,Ucluelet,CA,2022-06-07 20:50:54,48.9329,-125.5528,60.1,80,99,1.01
330,Slave Lake,CA,2022-06-07 20:46:20,55.2834,-114.769,66.18,45,100,13.8
331,Goundam,ML,2022-06-07 20:50:54,16.4145,-3.6708,96.01,22,99,13.33
332,Hasaki,JP,2022-06-07 20:50:55,35.7333,140.8333,59.4,84,100,14.5
333,Bhabua,IN,2022-06-07 20:50:55,25.05,83.6167,89.53,47,57,6.04
334,Damietta,EG,2022-06-07 20:50:55,31.4165,31.8133,78.69,80,0,10.85
335,Maihar,IN,2022-06-07 20:50:55,24.2667,80.75,97.57,17,91,10.11
336,Old Saybrook,US,2022-06-07 20:50:56,41.2918,-72.3762,76.32,68,20,11.5
337,Ancud,CL,2022-06-07 20:50:56,-41.8697,-73.8203,51.22,86,64,12.86
338,Biak,ID,2022-06-07 20:50:56,-0.9131,122.8766,75.54,83,42,4.27
339,Siocon,PH,2022-06-07 20:50:57,7.7061,122.1353,77.88,88,91,5.41
340,Lumeje,AO,2022-06-07 20:50:57,-11.55,20.7833,56.35,53,27,5.91
341,Yaan,NG,2022-06-07 20:50:57,7.3833,8.5667,78.33,75,48,6.17
342,Cap Malheureux,MU,2022-06-07 20:50:57,-19.9842,57.6142,72.46,73,25,1.01
343,Saint-Louis,SN,2022-06-07 20:50:58,16.3333,-15.0,90.14,34,100,16.31
344,Amguri,IN,2022-06-07 20:50:58,26.8,94.5333,75.7,96,100,3.62
345,Muli,MV,2022-06-07 20:50:58,2.9167,73.5667,81.46,75,97,7.43
346,Yinchuan,CN,2022-06-07 20:50:58,38.4681,106.2731,69.13,16,0,7.61
347,Noshiro,JP,2022-06-07 20:50:59,40.2039,140.0242,53.11,69,2,6.15
348,Surovikino,RU,2022-06-07 20:50:59,48.6078,42.8486,60.94,64,86,7.61
349,Matara,LK,2022-06-07 20:50:59,5.9485,80.5353,77.18,90,100,10.42
350,El Alto,PE,2022-06-07 20:51:00,-4.2714,-81.2147,65.86,80,99,11.63
351,Tevaitoa,PF,2022-06-07 20:51:00,-16.7833,-151.5,80.33,73,25,14.25
352,Pacific Grove,US,2022-06-07 20:48:28,36.6177,-121.9166,80.22,79,0,12.66
353,Presidencia Roque Saenz Pena,AR,2022-06-07 20:51:00,-26.7852,-60.4388,65.57,73,45,5.35
354,Talcahuano,CL,2022-06-07 20:51:00,-36.7167,-73.1167,51.48,100,100,10.36
355,Itupiranga,BR,2022-06-07 20:51:01,-5.1347,-49.3267,88.12,86,98,2.75
356,Nalut,LY,2022-06-07 20:51:01,30.3333,10.85,90.99,13,73,5.66
357,Taksimo,RU,2022-06-07 20:51:01,56.3444,114.8794,59.54,63,74,0.81
358,Boali,CF,2022-06-07 20:51:02,4.8005,18.1275,72.68,89,97,3.11
359,Portland,US,2022-06-07 20:47:20,45.5234,-122.6762,78.01,48,75,6.91
360,Nehe,CN,2022-06-07 20:51:02,48.4833,124.8333,60.15,58,13,2.73
361,Barceloneta,PR,2022-06-07 20:51:02,18.4505,-66.5385,88.29,76,81,18.03
362,Asau,RO,2022-06-07 20:51:03,46.4333,26.4,63.52,100,49,3.51
363,Nizhniy Kuranakh,RU,2022-06-07 20:51:03,58.8353,125.4869,60.42,76,45,1.03
364,La Rioja,ES,2022-06-07 20:51:03,42.25,-2.5,64.18,77,100,1.63
365,At-Bashi,KG,2022-06-07 20:51:04,41.1702,75.8106,53.91,50,1,1.61
366,Isangel,VU,2022-06-07 20:51:04,-19.55,169.2667,76.68,71,76,9.82
367,Iqaluit,CA,2022-06-07 20:51:05,63.7506,-68.5145,55.13,50,40,16.11
368,Pangnirtung,CA,2022-06-07 20:51:05,66.1451,-65.7125,42.8,81,20,10.36
369,Gouyave,GD,2022-06-07 20:52:05,12.1646,-61.7296,84.97,70,20,28.77
370,Wellington,NZ,2022-06-07 20:48:02,-41.2866,174.7756,59.05,88,40,17.27
371,Chegem,RU,2022-06-07 20:52:06,43.2833,43.1333,41.13,90,59,2.68
372,Makakilo City,US,2022-06-07 20:52:06,21.3469,-158.0858,82.72,59,0,12.66
373,Kopayhorod,UA,2022-06-07 20:52:07,48.8592,27.7969,61.9,65,38,4.97
374,Stanley,GB,2022-06-07 20:52:07,54.868,-1.6985,52.74,89,21,3.38
375,Monrovia,LR,2022-06-07 20:48:13,6.3005,-10.7969,77.47,81,31,6.76
376,Mazeikiai,LT,2022-06-07 20:52:07,56.3167,22.3333,56.32,98,91,5.88
377,Chara,RU,2022-06-07 20:52:08,56.9064,118.2631,61.48,63,45,0.11
378,Zhigansk,RU,2022-06-07 20:52:08,66.7697,123.3711,55.33,79,8,10.71
379,Xinmin,CN,2022-06-07 20:52:08,41.9908,122.8253,56.19,83,41,3.24
380,Shubarshi,KZ,2022-06-07 20:52:09,48.5872,57.1869,63.27,56,70,5.17
381,Cabedelo,BR,2022-06-07 20:52:09,-6.9811,-34.8339,79.47,78,43,9.84
382,Santa Cruz,BO,2022-06-07 20:52:10,-17.8,-63.1667,77.05,57,40,12.66
383,Lake Cowichan,CA,2022-06-07 20:52:10,48.825,-124.0546,66.33,36,89,5.82
384,Kemi,FI,2022-06-07 20:52:10,65.8596,24.8228,51.57,71,0,4.61
385,Kahului,US,2022-06-07 20:47:31,20.8947,-156.47,86.02,58,40,18.41
386,Mehran,IR,2022-06-07 20:52:11,33.1222,46.1646,94.71,12,2,11.59
387,Pitimbu,BR,2022-06-07 20:52:12,-7.4706,-34.8086,79.39,80,70,8.97
388,Trapani,IT,2022-06-07 20:52:12,37.8333,12.6667,77.27,83,0,4.61
389,Korsakovo,RU,2022-06-07 20:52:13,53.2677,37.3569,54.19,76,35,3.27
390,Leh,IN,2022-06-07 20:52:13,34.1667,77.5833,51.64,50,56,5.08
391,Yulara,AU,2022-06-07 20:52:13,-25.2406,130.9889,44.55,64,2,9.24
392,Warri,NG,2022-06-07 20:52:14,5.5167,5.75,75.97,91,100,3.91
393,Usolye,RU,2022-06-07 20:52:14,59.4268,56.6808,51.87,90,100,13.96
394,Karari,IN,2022-06-07 20:52:14,25.45,81.4333,97.95,15,69,2.51
395,Atar,MR,2022-06-07 20:52:15,20.5169,-13.0499,96.96,12,2,6.15
396,Sabang,ID,2022-06-07 20:52:15,5.8933,95.3214,82.6,75,100,9.84
397,General Roca,AR,2022-06-07 20:52:16,-39.0333,-67.5833,63.63,42,46,17.63
398,Guerrero Negro,MX,2022-06-07 20:52:16,27.9769,-114.0611,72.77,60,11,17.11
399,Jam Sahib,PK,2022-06-07 20:52:16,26.2958,68.6292,87.82,50,0,20.49
400,Khipro,PK,2022-06-07 20:52:17,25.8285,69.3772,83.44,58,0,24.43
401,Villa Nueva,GT,2022-06-07 20:52:17,14.5269,-90.5875,71.62,78,40,11.5
402,Namatanai,PG,2022-06-07 20:52:18,-3.6667,152.4333,79.3,82,99,5.3
403,Tautira,PF,2022-06-07 20:52:18,-17.7333,-149.15,78.53,78,31,12.12
404,Adrar,MR,2022-06-07 20:52:18,20.5022,-10.0711,96.57,12,94,11.36
405,Salisbury,GB,2022-06-07 20:52:19,51.0693,-1.7957,59.65,91,100,7.7
406,Don Sak,TH,2022-06-07 20:52:19,9.3168,99.6918,79.32,81,100,6.98
407,Nyuksenitsa,RU,2022-06-07 20:52:19,60.4128,44.2397,49.93,78,100,8.23
408,Riyadh,SA,2022-06-07 20:48:32,24.6877,46.7219,89.74,7,0,4.79
409,Port Lincoln,AU,2022-06-07 20:52:20,-34.7333,135.8667,54.66,67,100,6.93
410,Barcelos,PT,2022-06-07 20:52:20,41.5388,-8.6151,68.85,86,100,1.99
411,Alyangula,AU,2022-06-07 20:52:20,-13.8483,136.4192,77.41,65,100,19.35
412,Vila Velha,BR,2022-06-07 20:52:21,-20.3297,-40.2925,82.35,58,0,6.91
413,Port Moresby,PG,2022-06-07 20:52:21,-9.4431,147.1797,74.62,94,40,3.44
414,Saint-Georges,GD,2022-06-07 20:52:21,12.0564,-61.7485,85.68,70,20,28.77
415,Kununurra,AU,2022-06-07 20:52:22,-15.7667,128.7333,76.98,47,100,6.91
416,Ranau,MY,2022-06-07 20:53:22,5.9538,116.6641,68.14,97,37,1.45
417,Lyambir,RU,2022-06-07 20:53:23,54.2817,45.1249,49.75,76,26,11.7
418,Merritt Island,US,2022-06-07 20:53:24,28.5392,-80.672,89.98,65,0,10.36
419,Maputo,MZ,2022-06-07 20:52:30,-25.9653,32.5892,61.23,83,0,2.3
420,Bahia Honda,CU,2022-06-07 20:53:25,22.9036,-83.1592,80.15,83,100,5.64
421,Mondlo,ZA,2022-06-07 20:53:25,-27.983,30.7177,49.17,59,0,1.74
422,Puerto Leguizamo,CO,2022-06-07 20:53:26,-0.1934,-74.7819,80.06,84,62,2.93
423,Wawa,NG,2022-06-07 20:53:26,9.9022,4.4192,81.0,57,38,3.44
424,Kailua,US,2022-06-07 20:53:27,21.4022,-157.7394,83.14,66,40,10.36
425,Kalabo,ZM,2022-06-07 20:53:27,-14.97,22.6814,55.45,58,3,6.15
426,Qiyang,CN,2022-06-07 20:53:28,26.5911,111.8474,73.76,95,75,1.52
427,Boffa,GN,2022-06-07 20:53:28,10.1667,-14.0333,80.51,81,33,3.04
428,Bambous Virieux,MU,2022-06-07 20:53:28,-20.3428,57.7575,72.21,83,75,3.44
429,Victoria,HK,2022-06-07 20:51:59,22.2855,114.1577,80.33,92,100,11.99
430,Kodino,RU,2022-06-07 20:53:30,63.7198,39.6447,45.43,73,0,3.56
431,Santa Isabel,BR,2022-06-07 20:53:30,-23.3156,-46.2214,69.51,78,18,2.17
432,Biloela,AU,2022-06-07 20:53:30,-24.4167,150.5,46.6,68,7,7.23
433,Bose,IT,2022-06-07 20:53:31,45.4612,8.0137,71.19,86,0,7.63
434,Qingdao,CN,2022-06-07 20:53:31,36.0986,120.3719,64.0,88,0,8.95
435,Constitucion,CL,2022-06-07 20:53:32,-35.3333,-72.4167,56.39,80,3,5.77
436,Kitimat,CA,2022-06-07 20:53:32,54.0524,-128.6534,70.18,52,100,3.36
437,Sorland,NO,2022-06-07 20:53:33,67.667,12.6934,44.46,63,98,17.83
438,Yar-Sale,RU,2022-06-07 20:53:33,66.8333,70.8333,52.21,51,12,5.26
439,Mantua,IT,2022-06-07 20:53:33,45.1667,10.7833,70.41,78,71,2.73
440,Kieta,PG,2022-06-07 20:53:34,-6.2167,155.6333,77.31,90,100,1.86
441,Shaowu,CN,2022-06-07 20:53:34,27.3409,117.4831,68.18,87,84,3.6
442,Cascais,PT,2022-06-07 20:53:35,38.6979,-9.4215,70.47,65,20,11.99
443,Imbituba,BR,2022-06-07 20:53:35,-28.24,-48.6703,62.85,99,100,5.46
444,Najran,SA,2022-06-07 20:53:35,17.4924,44.1277,79.45,12,100,1.05
445,Am Timan,TD,2022-06-07 20:53:36,11.0297,20.2827,88.88,33,83,5.99
446,Inhambane,MZ,2022-06-07 20:53:36,-23.865,35.3833,69.1,64,57,9.44
447,Tongchuan,CN,2022-06-07 20:53:36,35.0806,109.0897,70.23,44,82,2.86
448,Borogontsy,RU,2022-06-07 20:53:37,62.6683,131.1683,60.44,58,39,3.78
449,Senanga,ZM,2022-06-07 20:53:37,-16.1167,23.2667,56.44,57,7,7.81
450,Beausejour,CA,2022-06-07 20:53:38,50.0622,-96.5167,71.8,44,0,9.71
451,Waling,NP,2022-06-07 20:53:38,27.9833,83.7667,75.09,68,9,3.06
452,Basco,PH,2022-06-07 20:53:39,20.4487,121.9702,84.02,74,99,9.35
453,Bakchar,RU,2022-06-07 20:53:39,57.0186,82.0711,35.4,90,0,1.9
454,Karymskoye,RU,2022-06-07 20:53:40,51.6167,114.35,50.47,84,65,2.04
455,Laguna,US,2022-06-07 20:53:40,38.421,-121.4238,93.15,29,75,1.99
456,Okha,RU,2022-06-07 20:53:40,53.5739,142.9478,45.73,77,70,6.69
457,Itarema,BR,2022-06-07 20:53:40,-2.9248,-39.9167,76.91,86,100,8.39
458,Vestmanna,FO,2022-06-07 20:53:41,62.1564,-7.1664,45.52,71,40,5.75
459,Kortkeros,RU,2022-06-07 20:53:41,61.8106,51.5806,60.8,68,98,5.21
460,Monteagudo,BO,2022-06-07 20:53:41,-19.8167,-63.9833,70.0,65,53,3.85
461,Cinisi,IT,2022-06-07 20:53:42,38.1562,13.1073,78.24,71,0,6.91
462,Boddam,GB,2022-06-07 20:53:42,57.4667,-1.7833,51.44,91,51,4.47
463,Wagar,SD,2022-06-07 20:53:42,16.1525,36.2032,95.88,19,0,5.46
464,Los Algarrobos,PA,2022-06-07 20:53:43,8.5,-82.4333,77.41,83,75,8.05
465,Kisangani,CD,2022-06-07 20:54:43,0.5167,25.2,74.86,66,92,2.93
466,Sabanalarga,CO,2022-06-07 20:54:44,10.6296,-74.9206,88.68,78,96,6.24
467,Yakeshi,CN,2022-06-07 20:54:44,49.2833,120.7333,50.83,73,8,1.72
468,Fukue,JP,2022-06-07 20:54:44,32.6881,128.8419,68.18,79,70,11.43
469,Victoria Point,AU,2022-06-07 20:54:44,-27.5833,153.3,52.92,85,0,1.99
470,Agirish,RU,2022-06-07 20:54:45,61.9247,63.0231,47.95,60,100,8.01
471,Praia,CV,2022-06-07 20:50:12,14.9215,-23.5087,75.74,73,20,16.11
472,Haizhou,CN,2022-06-07 20:54:45,34.5817,119.1289,60.73,79,30,6.29
473,Hit,IQ,2022-06-07 20:54:45,33.6416,42.8251,88.93,19,3,10.76
474,Tiverton,GB,2022-06-07 20:54:46,50.9,-3.4833,60.24,94,75,11.5
475,Kloulklubed,PW,2022-06-07 20:54:46,7.0419,134.2556,82.74,73,53,7.63
476,Cobourg,DE,2022-06-07 20:54:46,50.2667,10.9667,64.02,60,94,3.36
477,Beringovskiy,RU,2022-06-07 20:54:47,63.05,179.3167,38.66,76,75,6.33
478,Carbondale,US,2022-06-07 20:54:45,37.7273,-89.2168,82.06,88,76,5.68
479,Rockland,US,2022-06-07 20:54:47,41.1668,-74.0496,74.64,68,99,1.01
480,Batagay-Alyta,RU,2022-06-07 20:54:47,67.8006,130.4114,64.0,31,100,1.39
481,Saint-Honore,CA,2022-06-07 20:54:47,48.5334,-71.0824,70.05,59,100,4.61
482,Buala,SB,2022-06-07 20:54:48,-8.145,159.5921,81.45,80,70,10.96
483,Hay River,CA,2022-06-07 20:54:48,60.8156,-115.7999,62.56,51,20,8.05
484,Macklin,CA,2022-06-07 20:54:48,52.3334,-109.9348,66.54,41,98,7.58
485,Gulu,UG,2022-06-07 20:54:49,2.7746,32.299,63.09,98,83,5.44
486,Morristown,US,2022-06-07 20:54:49,36.214,-83.2949,82.72,40,40,4.61
487,Dingle,PH,2022-06-07 20:54:49,10.9995,122.6711,76.24,89,64,2.06
488,Vostok,RU,2022-06-07 20:54:49,46.4856,135.8833,50.72,81,100,3.56
489,Raudeberg,NO,2022-06-07 20:54:50,61.9875,5.1352,59.67,84,100,24.23
490,Brae,GB,2022-06-07 20:54:50,60.3964,-1.353,48.43,74,100,17.72
491,Narsaq,GL,2022-06-07 20:54:50,60.9167,-46.05,48.06,60,24,6.82
492,Griffith,US,2022-06-07 20:52:00,41.5284,-87.4237,75.15,74,0,6.91
493,Port Macquarie,AU,2022-06-07 20:54:51,-31.4333,152.9167,38.89,73,0,7.96
494,Ivankiv,UA,2022-06-07 20:54:51,50.9386,29.8943,64.38,68,87,3.44
495,Deming,US,2022-06-07 20:54:51,32.2687,-107.7586,96.8,10,98,18.99
496,Wattegama,LK,2022-06-07 20:54:51,6.7989,81.4808,75.72,82,100,8.25
497,San Bernardo,CL,2022-06-07 20:54:52,-33.6,-70.7167,67.35,41,1,2.46
498,Sitka,US,2022-06-07 20:54:52,57.0531,-135.33,60.31,63,100,3.33
499,Saint-Francois,FR,2022-06-07 20:54:52,46.4154,3.9054,60.24,77,0,3.44
500,Kaohsiung,TW,2022-06-07 20:54:53,22.6163,120.3133,78.04,94,75,4.61
501,Nampula,MZ,2022-06-07 20:54:53,-15.1165,39.2666,66.15,77,0,5.75
502,Sao Felix Do Xingu,BR,2022-06-07 20:54:53,-6.6447,-51.995,79.86,69,84,2.42
503,Saint George,US,2022-06-07 20:54:53,37.1041,-113.5841,101.43,14,0,6.91
504,Linhares,BR,2022-06-07 20:54:54,-19.3911,-40.0722,68.97,62,28,4.21
505,Daan,CN,2022-06-07 20:54:54,33.0558,106.2958,67.21,93,98,2.19
506,Penzance,GB,2022-06-07 20:54:54,50.1186,-5.5371,59.68,92,100,21.39
507,Asfi,MA,2022-06-07 20:54:54,32.2994,-9.2372,68.61,91,4,19.8
508,Nuuk,GL,2022-06-07 20:50:22,64.1835,-51.7216,43.88,70,1,10.0
509,Fengzhen,CN,2022-06-07 20:54:55,40.4394,113.1536,58.95,33,34,7.47
510,Vangaindrano,MG,2022-06-07 20:54:55,-23.35,47.6,66.38,90,47,2.95
511,Lively,CA,2022-06-07 20:55:55,46.4334,-81.1498,61.02,73,100,9.91
512,Gudalur,IN,2022-06-07 20:55:56,9.6833,77.2667,73.67,90,100,7.07
513,Batie,BF,2022-06-07 20:55:56,9.8833,-2.9167,75.65,68,9,0.92
514,Igarka,RU,2022-06-07 20:55:56,67.4667,86.5833,42.84,83,100,8.59
515,Sola,VU,2022-06-07 20:55:56,-13.8833,167.55,81.46,67,100,21.79
516,Bethanien,NA,2022-06-07 20:55:57,-26.502,17.1583,58.05,31,0,8.08
517,Dongsheng,CN,2022-06-07 20:55:57,39.8161,109.9776,58.98,27,73,2.17
518,Beyneu,KZ,2022-06-07 20:55:57,45.3167,55.2,74.01,44,100,12.46
519,Acapulco,MX,2022-06-07 20:55:58,16.8634,-99.8901,84.24,70,92,8.99
520,Emba,KZ,2022-06-07 20:55:58,48.8264,58.1442,61.41,61,10,6.29
521,Marystown,CA,2022-06-07 20:55:04,47.1666,-55.1483,53.67,61,0,10.8
522,Mitu,CO,2022-06-07 20:55:58,1.1983,-70.1733,78.89,95,97,0.89
523,Abu Samrah,SY,2022-06-07 20:55:59,35.3029,37.1841,71.2,61,0,9.08
524,Wasco,US,2022-06-07 20:55:59,35.5941,-119.341,84.15,23,0,4.61
525,Sibolga,ID,2022-06-07 20:55:59,1.7427,98.7792,75.81,90,100,4.27
526,Begoro,GH,2022-06-07 20:56:00,6.3871,-0.3774,70.41,93,46,4.18
527,Verkhnedneprovskiy,RU,2022-06-07 20:56:00,54.9813,33.3457,54.27,84,27,4.97
528,Kiunga,PG,2022-06-07 20:56:00,-6.1219,141.2906,72.03,99,100,3.42
529,Lewiston,US,2022-06-07 20:56:01,44.1003,-70.2148,76.91,55,100,1.99
530,Mayumba,GA,2022-06-07 20:56:01,-3.432,10.6554,74.66,90,99,5.88
531,Yeppoon,AU,2022-06-07 20:56:01,-23.1333,150.7333,51.58,57,10,7.11
532,Nouakchott,MR,2022-06-07 20:52:53,18.0858,-15.9785,71.53,81,62,13.22
533,Safaga,EG,2022-06-07 20:56:02,26.7292,33.9365,85.23,40,0,5.12
534,Kapit,MY,2022-06-07 20:56:03,2.0167,112.9333,72.99,99,100,1.05
535,Neiafu,TO,2022-06-07 20:56:03,-18.65,-173.9833,70.48,88,20,3.44
536,Polyany,RU,2022-06-07 20:56:03,54.7122,39.8231,49.71,76,2,4.79
537,Tuy Hoa,VN,2022-06-07 20:56:04,13.0833,109.3,78.33,80,90,5.97
538,Swan River,CA,2022-06-07 20:56:04,52.1058,-101.2676,73.29,20,27,13.8
539,Catio,GW,2022-06-07 20:56:05,11.2833,-15.25,80.62,77,83,7.54
540,Rafraf,TN,2022-06-07 20:56:05,37.1904,10.1837,79.11,61,85,15.26
541,San Quintin,MX,2022-06-07 20:56:05,30.4833,-115.95,69.1,68,2,13.11
542,Ankazoabo,MG,2022-06-07 20:56:06,-22.2833,44.5167,65.37,68,28,5.79
543,Kaitangata,NZ,2022-06-07 20:56:06,-46.2817,169.8464,45.0,84,100,6.31
544,Saint-Joseph,RE,2022-06-07 20:56:07,-21.3667,55.6167,70.18,81,27,9.55
545,Ures,MX,2022-06-07 20:56:07,29.4333,-110.4,101.35,10,100,12.66
546,Lompoc,US,2022-06-07 20:56:07,34.6391,-120.4579,82.69,69,40,23.0
547,Reforma,MX,2022-06-07 20:56:08,18.1,-91.0167,90.7,59,95,1.68
548,Vysokogornyy,RU,2022-06-07 20:56:08,50.1167,139.15,54.91,87,86,0.63
549,Boromlya,UA,2022-06-07 20:56:09,50.6184,34.9704,63.9,71,96,2.71
550,Blairmore,CA,2022-06-07 20:56:09,49.6,-114.4353,54.99,62,87,3.44
551,Gambela,ET,2022-06-07 20:56:09,8.25,34.5833,71.2,81,85,1.7
552,Victoria Falls,ZW,2022-06-07 20:56:10,-17.9235,25.843,54.19,65,0,1.92
553,Mango,US,2022-06-07 20:56:10,27.9797,-82.3065,95.25,69,0,4.61
554,Gushikawa,JP,2022-06-07 20:56:11,26.3544,127.8686,74.43,94,100,6.49
555,Jacmel,HT,2022-06-07 20:56:11,18.2342,-72.5347,96.64,68,100,9.04
556,Muros,ES,2022-06-07 20:56:12,42.7762,-9.0603,67.15,93,100,7.52
557,Chandler,US,2022-06-07 20:52:35,33.3062,-111.8412,106.92,15,0,11.5
558,Hamilton,US,2022-06-07 20:56:46,39.1834,-84.5333,81.66,72,100,5.99
559,Khanpur,PK,2022-06-07 20:57:12,28.6453,70.6567,90.03,35,0,17.9
560,Kedrovyy,RU,2022-06-07 20:57:13,56.1667,91.8167,30.61,72,99,5.55
561,Qasigiannguit,GL,2022-06-07 20:57:13,68.8193,-51.1922,37.4,66,14,4.61
562,Santiago Del Estero,AR,2022-06-07 20:53:24,-27.7951,-64.2615,68.36,46,0,3.33
563,Ahipara,NZ,2022-06-07 20:57:14,-35.1667,173.1667,59.38,85,57,5.1
564,Port Blair,IN,2022-06-07 20:57:14,11.6667,92.75,81.03,81,100,20.85
565,Sydney,AU,2022-06-07 20:55:58,-33.8679,151.2073,47.5,67,20,8.05
566,Kamenka,RU,2022-06-07 20:57:15,51.3223,42.7678,52.95,80,30,5.97
567,Bodden Town,KY,2022-06-07 20:57:15,19.2833,-81.25,87.8,73,75,11.5
568,Batemans Bay,AU,2022-06-07 20:57:15,-35.7167,150.1833,47.1,72,7,6.85
569,Aberdeen,GB,2022-06-07 20:57:16,57.1437,-2.0981,51.55,89,100,5.75
570,Biliran,PH,2022-06-07 20:57:17,11.4667,124.4753,78.13,88,27,2.64
